<OPEN_43371>,<HIGH_43371>,<LOW_43371>,<CLOSE_43371>,<OPEN_43403>,<HIGH_43403>,<LOW_43403>,<CLOSE_43403>,<OPEN_43432>,<HIGH_43432>,<LOW_43432>,<CLOSE_43432>,<OPEN_43437>,<HIGH_43437>,<LOW_43437>,<CLOSE_43437>
116980,117260,116760,117160,109750,110490,109750,110170,109590,110300,109590,110280,112120,117390,112120,115820
117150,117170,116850,116930,110190,110250,110090,110200,110280,110360,110120,110150,115820,116100,115810,116070
116950,116960,116860,116930,110190,110250,110060,110160,110160,110250,110150,110200,116040,116090,115560,115600
116920,116990,116880,116920,110160,110290,110090,110270,110190,110390,110070,110330,115620,115800,115300,115340
116930,117010,116870,116950,110250,110290,110220,110250,110320,110460,110270,110450,115340,115540,115320,115490
116960,116960,116880,116940,110240,110260,110200,110200,110450,110470,110360,110380,115470,115580,115310,115410
116910,116970,116870,116870,110200,110310,110200,110290,110400,110430,110300,110320,115430,115470,115370,115430
116890,116900,116620,116680,110290,110320,110260,110300,110330,110360,110260,110290,115430,115520,115400,115490
116680,116680,116570,116630,110310,110330,110220,110250,110290,110340,110260,110330,115500,115650,115480,115630
116630,116680,116580,116670,110260,110280,110220,110260,110310,110350,110270,110280,115630,115970,115610,115960
116660,116690,116370,116380,110280,110320,110250,110300,110300,110370,110290,110310,115950,115980,115810,115850
116380,116470,116360,116420,110300,110330,110260,110270,110310,110330,110210,110260,115850,115920,115810,115840
116430,116630,116300,116580,110270,110300,110230,110300,110260,110300,110150,110170,115840,115870,115760,115780
116570,116610,116540,116580,110300,110310,110270,110270,110170,110180,110090,110100,115780,115820,115730,115780
116580,116610,116520,116610,110280,110290,110200,110240,110100,110200,110090,110190,115770,115850,115770,115820
116600,116610,116460,116490,110240,110350,110240,110280,110180,110200,110090,110090,115810,115850,115690,115700
116500,116560,116430,116550,110290,110290,110250,110290,110100,110190,110080,110160,115710,115730,115640,115640
116560,116740,116530,116730,110290,110290,110220,110220,110160,110190,110120,110170,115630,115740,115630,115710
116720,116800,116700,116730,110220,110220,110140,110150,110160,110160,110110,110130,115710,115750,115660,115680
116740,116740,116610,116650,110160,110250,110140,110220,110140,110150,110080,110130,115680,115750,115670,115700
116660,116700,116570,116700,110220,110240,110150,110190,110120,110200,110080,110180,115710,115750,115700,115730
116700,116750,116620,116660,110180,110200,110100,110110,110190,110340,110170,110280,115730,115750,115640,115650
116650,116670,116560,116630,110110,110150,110070,110090,110290,110330,110220,110240,115630,115640,115560,115580
116610,116730,116610,116730,110090,110140,110090,110120,110230,110340,110200,110320,115580,115580,115440,115470
116730,116760,116700,116720,110110,110120,110070,110110,110330,110360,110300,110320,115460,115490,115350,115380
116730,116890,116720,116860,110110,110130,110060,110120,110320,110330,110280,110290,115370,115450,115370,115410
116850,116900,116820,116860,110110,110160,110100,110160,110300,110300,110200,110240,115400,115440,115340,115420
116860,116890,116810,116810,110160,110200,110140,110200,110240,110300,110240,110280,115430,115460,115400,115440
116810,116860,116740,116840,110180,110220,110160,110210,110290,110360,110290,110310,115450,115520,115440,115510
116820,116900,116820,116820,110220,110260,110140,110180,110320,110330,110270,110310,115520,115750,115480,115630
116830,116830,116750,116790,110190,110210,110150,110200,110300,110370,110290,110310,115620,115690,115620,115660
116800,116810,116770,116800,110210,110260,110200,110260,110310,110330,110280,110310,115670,115680,115590,115610
116790,116800,116730,116770,110260,110340,110240,110310,110300,110350,110280,110320,115600,115670,115600,115630
116790,116830,116770,116810,110310,110320,110250,110270,110320,110320,110240,110240,115630,115680,115610,115620
116800,116820,116740,116800,110260,110290,110250,110270,110250,110280,110210,110280,115620,115670,115590,115620
116790,116860,116740,116860,110260,110260,110210,110220,110270,110310,110260,110310,115620,115650,115610,115630
116860,116870,116800,116830,110220,110270,110180,110270,110310,110310,110260,110280,115630,115690,115620,115670
116820,116850,116800,116830,110260,110330,110240,110280,110280,110300,110250,110280,115680,115700,115650,115660
116830,116850,116800,116810,110280,110390,110280,110360,110280,110280,110160,110220,115660,115670,115610,115610
116820,116820,116790,116790,110360,110520,110360,110490,110220,110260,110210,110250,115610,115640,115590,115610
116790,116830,116750,116830,110470,110470,110400,110400,110260,110330,110250,110300,115620,115640,115570,115630
116820,116830,116790,116830,110410,110450,110350,110440,110310,110370,110300,110340,115630,115650,115590,115610
116830,116890,116830,116870,110450,110490,110360,110380,110340,110350,110330,110330,115600,115630,115570,115620
116870,116890,116830,116880,110390,110430,110370,110420,110330,110400,110330,110380,115620,115680,115600,115620
116870,116880,116850,116860,110420,110430,110390,110400,110380,110400,110310,110340,115610,115660,115600,115630
116860,116870,116820,116850,110400,110400,110310,110320,110340,110350,110310,110310,115630,115770,115630,115740
116850,116850,116820,116830,110320,110360,110280,110360,110310,110310,110220,110250,115740,115750,115710,115730
116820,116820,116780,116780,110360,110540,110340,110520,110250,110340,110250,110330,115730,115750,115710,115720
116790,116790,116710,116720,110510,110570,110500,110500,110340,110390,110340,110370,115710,115750,115670,115690
116720,116730,116660,116710,110510,110630,110500,110610,110370,110380,110300,110310,115690,115720,115650,115650
116710,116720,116610,116610,110610,110620,110510,110520,110310,110340,110280,110340,115660,115750,115650,115730
116620,116690,116610,116650,110520,110570,110460,110540,110320,110370,110320,110350,115720,115740,115700,115730
116660,116730,116660,116720,110540,110560,110500,110520,110340,110410,110340,110400,115730,115780,115730,115740
116730,116780,116710,116740,110520,110530,110500,110500,110390,110400,110330,110340,115750,115810,115750,115800
116730,116750,116660,116710,110500,110590,110500,110580,110360,110370,110320,110320,115800,115810,115760,115760
116710,116790,116710,116770,110590,110640,110570,110590,110320,110410,110320,110380,115760,115820,115760,115820
116750,116830,116730,116790,110600,110620,110560,110590,110370,110390,110340,110360,115810,115830,115740,115760
116810,116830,116720,116760,110580,110580,110560,110580,110370,110420,110360,110380,115750,115770,115710,115720
116750,116820,116710,116790,110560,110560,110510,110530,110390,110410,110360,110410,115710,115740,115700,115730
116780,116790,116730,116730,110520,110540,110500,110510,110400,110400,110290,110330,115730,115750,115700,115720
116750,116810,116700,116780,110510,110580,110420,110420,110360,110420,110320,110370,115720,115770,115610,115620
116780,116780,116690,116690,110420,110440,110350,110390,110370,110400,110310,110340,115630,115710,115610,115640
116690,116770,116670,116770,110390,110440,110350,110370,110340,110430,110330,110390,115640,115680,115530,115550
116770,116840,116770,116840,110360,110400,110340,110400,110390,110430,110370,110430,115560,115570,115430,115440
116850,116870,116790,116840,110390,110400,110350,110350,110420,110460,110400,110440,115430,115470,115280,115300
116860,116860,116760,116770,110360,110360,110300,110350,110440,110460,110420,110430,115290,115370,115260,115310
116790,116800,116720,116720,110330,110350,110270,110300,110430,110460,110380,110390,115300,115300,115240,115280
116720,116750,116700,116700,110290,110370,110280,110340,110400,110410,110350,110400,115270,115270,115220,115230
116710,116790,116700,116750,110330,110350,110260,110270,110400,110410,110370,110380,115240,115270,115200,115240
116730,116750,116680,116730,110280,110300,110250,110270,110390,110420,110390,110410,115230,115330,115230,115310
116710,116780,116670,116770,110270,110310,110250,110290,110410,110460,110350,110380,115300,115330,115270,115280
116750,116840,116740,116800,110290,110500,110270,110500,110380,110410,110340,110340,115290,115300,115240,115240
116800,116800,116730,116740,110490,110510,110310,110360,110340,110340,110270,110290,115240,115300,115240,115270
116730,116730,116640,116730,110350,110430,110340,110410,110280,110340,110260,110320,115270,115320,115260,115270
116720,116750,116710,116740,110410,110440,110340,110370,110340,110380,110310,110330,115270,115280,115200,115210
116720,116810,116700,116780,110380,110390,110330,110330,110340,110340,110220,110230,115210,115300,115210,115280
116770,116780,116720,116770,110330,110360,110300,110320,110240,110310,110210,110250,115280,115360,115280,115350
116780,116800,116740,116760,110310,110310,110150,110210,110250,110260,110120,110140,115340,115420,115340,115400
116760,116790,116720,116730,110210,110280,110200,110270,110140,110250,110130,110240,115410,115420,115380,115400
116730,116760,116730,116760,110270,110280,110210,110220,110240,110260,110190,110230,115380,115400,115320,115340
116760,116780,116750,116760,110220,110360,110210,110350,110230,110240,110200,110220,115360,115450,115360,115450
116760,116840,116760,116830,110350,110350,110280,110320,110230,110270,110160,110180,115450,115490,115420,115480
116810,116890,116800,116850,110330,110470,110300,110450,110180,110190,110120,110150,115490,115520,115440,115460
116840,116850,116770,116820,110460,110750,110430,110640,110140,110150,109860,109940,115460,115490,115430,115450
116800,116810,116780,116800,110630,110700,110620,110670,109930,110040,109870,110010,115440,115550,115410,115410
116800,116880,116790,116840,110650,110670,110580,110590,110020,110040,109980,110000,115410,115570,115410,115570
116830,116900,116830,116870,110590,110640,110580,110600,110000,110100,109960,110090,115570,115580,115480,115480
116880,116900,116840,116860,110600,110750,110590,110660,110090,110120,110080,110090,115490,115660,115490,115660
116850,116890,116850,116880,110670,110720,110650,110670,110080,110160,110060,110150,115660,115670,115600,115610
116880,116900,116860,116900,110670,110720,110620,110620,110140,110160,110070,110090,115610,115670,115550,115580
116890,116930,116850,116880,110630,110640,110550,110560,110080,110080,109930,109990,115600,115650,115590,115630
116880,116910,116870,116890,110570,110630,110550,110600,109990,110010,109910,109950,115630,115670,115570,115590
116900,116900,116850,116870,110610,110680,110590,110660,109960,110040,109960,110010,115600,115640,115590,115610
116870,116930,116860,116920,110670,110720,110610,110630,110000,110070,109970,110050,115620,115640,115550,115600
116920,116930,116900,116910,110640,110680,110570,110570,110050,110050,109900,109950,115600,115690,115600,115650
116920,116930,116890,116910,110580,110630,110550,110600,109950,110010,109950,110010,115660,115660,115610,115610
116900,116930,116880,116880,110600,110650,110540,110570,110000,110020,109960,109990,115610,115630,115570,115610
116880,116900,116820,116870,110560,110580,110500,110510,109990,110060,109990,110020,115620,115640,115590,115610
116870,116960,116870,116920,110510,110570,110480,110530,110020,110030,110000,110020,115600,115640,115600,115640
116930,116950,116900,116910,110530,110650,110530,110630,110010,110050,109990,109990,115640,115640,115520,115520
116910,116930,116860,116930,110630,110640,110570,110570,110000,110020,109960,109960,115520,115600,115520,115540
116920,116960,116910,116960,110570,110650,110550,110600,109960,110010,109940,109940,115530,115560,115520,115530
116960,116990,116940,116950,110600,110640,110570,110620,109950,109990,109920,109930,115530,115620,115510,115580
116940,116960,116930,116960,110630,110640,110580,110610,109940,109950,109860,109880,115590,115590,115560,115570
116950,117130,116950,117110,110610,110610,110430,110470,109880,109930,109830,109910,115570,115610,115560,115580
117110,117140,117080,117120,110480,110530,110440,110490,109900,109950,109840,109920,115590,115660,115580,115600
117130,117160,117100,117130,110500,110510,110360,110400,109910,110000,109890,109960,115600,115640,115580,115630
117110,117190,117090,117170,110400,110400,110320,110340,109960,110000,109950,109970,115620,115660,115580,115610
117150,117180,117080,117100,110350,110430,110340,110410,109970,109970,109940,109940,115610,115620,115580,115590
117090,117110,117050,117070,110420,110470,110390,110410,109950,109980,109910,109970,115590,115620,115580,115590
117090,117150,117060,117130,110420,110450,110380,110390,109980,109980,109890,109890,115580,115600,115550,115580
117130,117160,117100,117150,110380,110440,110380,110420,109880,109910,109870,109910,115590,115600,115550,115560
117150,117310,117130,117310,110430,110440,110380,110410,109900,109910,109810,109880,115560,115630,115560,115630
117310,117340,117250,117310,110410,110430,110400,110410,109870,109920,109830,109910,115620,115670,115600,115660
117310,117400,117300,117370,110410,110440,110400,110420,109920,109960,109890,109930,115650,115680,115600,115620
117370,117380,117320,117340,110410,110410,110330,110360,109920,109980,109910,109980,115620,115670,115590,115610
117340,117390,117330,117360,110360,110420,110350,110400,109980,109990,109890,109910,115610,115720,115580,115650
117370,117400,117350,117390,110410,110470,110310,110390,109920,109970,109920,109940,115650,115720,115550,115550
117390,117530,117380,117510,110400,110420,110370,110390,109930,110050,109920,110050,115550,115580,115520,115560
117510,117650,117510,117620,110400,110400,110360,110380,110040,110070,110010,110050,115550,115590,115540,115570
117600,117620,117460,117500,110390,110410,110220,110270,110050,110060,109990,110010,115560,115600,115480,115480
117510,117590,117510,117560,110270,110270,110160,110220,110000,110040,109990,110040,115480,115540,115470,115500
117580,117580,117500,117530,110210,110250,110130,110250,110040,110060,109980,110000,115510,115540,115490,115530
117540,117570,117500,117510,110250,110250,110200,110210,109990,109990,109860,109870,115520,115560,115500,115550
117500,117500,117440,117460,110210,110240,110180,110190,109870,109880,109770,109860,115540,115590,115530,115580
117460,117500,117400,117440,110190,110260,110180,110240,109870,109880,109760,109770,115560,115580,115510,115520
117440,117520,117440,117460,110230,110230,110170,110200,109790,109860,109770,109820,115530,115590,115490,115490
117470,117470,117390,117410,110200,110210,110170,110190,109820,109860,109800,109820,115490,115500,115400,115430
117400,117450,117370,117440,110180,110190,110150,110170,109810,109810,109740,109760,115430,115430,115370,115390
117440,117450,117390,117430,110150,110180,110140,110160,109770,109770,109730,109760,115380,115400,115330,115340
117430,117430,117330,117360,110150,110200,110140,110170,109750,109850,109730,109850,115340,115420,115310,115350
117350,117370,117310,117360,110170,110210,110150,110200,109840,109840,109760,109770,115370,115420,115360,115370
117370,117390,117330,117390,110190,110230,110150,110230,109760,109810,109760,109760,115370,115370,115300,115310
117380,117410,117300,117300,110230,110230,110150,110170,109760,109820,109750,109820,115320,115340,115280,115300
117310,117320,117210,117270,110170,110200,110160,110180,109820,109850,109810,109830,115290,115340,115280,115340
117270,117280,117120,117180,110180,110220,110160,110180,109820,109850,109810,109810,115330,115340,115250,115270
117190,117200,117120,117170,110170,110220,110120,110220,109810,109850,109800,109850,115280,115310,115270,115310
117170,117250,117160,117240,110220,110300,110210,110280,109850,109930,109830,109930,115290,115330,115260,115330
117240,117250,117200,117240,110290,110380,110270,110380,109920,109960,109910,109960,115330,115360,115320,115330
117250,117280,117230,117280,110370,110370,110270,110310,109960,109960,109870,109880,115330,115330,115240,115280
117280,117330,117210,117330,110290,110300,110230,110290,109880,109930,109880,109920,115280,115360,115270,115340
117330,117350,117290,117300,110290,110290,110220,110250,109920,109930,109870,109890,115340,115340,115220,115270
117310,117350,117270,117330,110260,110260,110150,110200,109900,109910,109870,109890,115270,115290,115210,115230
117330,117370,117290,117300,110200,110320,110190,110280,109910,109910,109790,109790,115230,115230,115100,115140
117300,117300,117220,117290,110280,110340,110270,110280,109800,109820,109710,109720,115140,115170,115100,115170
117290,117290,117220,117220,110290,110300,110230,110270,109710,109730,109610,109630,115170,115200,115140,115170
117220,117270,117190,117270,110260,110430,110260,110420,109630,109690,109610,109640,115170,115180,115110,115160
117270,117270,117200,117230,110410,110440,110340,110370,109640,109650,109440,109520,115160,115200,115130,115140
117240,117240,117180,117200,110380,110380,110300,110340,109520,109580,109500,109560,115140,115150,115110,115150
117210,117440,117210,117430,110340,110390,110270,110280,109550,109570,109320,109340,115140,115200,115110,115170
117420,117430,117320,117320,110290,110330,110280,110320,109330,109460,109290,109380,115180,115250,115180,115210
117330,117360,117280,117330,110330,110410,110330,110360,109380,109460,109350,109440,115220,115230,115170,115190
117330,117330,117270,117290,110380,110400,110330,110350,109430,109500,109430,109480,115200,115250,115190,115240
117280,117280,117220,117270,110340,110380,110330,110360,109490,109500,109440,109500,115220,115310,115210,115280
117260,117260,117150,117170,110360,110380,110320,110330,109490,109500,109460,109480,115270,115300,115250,115280
117160,117170,117060,117110,110350,110350,110320,110340,109480,109500,109420,109440,115270,115280,115220,115250
117120,117150,117100,117120,110330,110420,110320,110400,109450,109490,109420,109430,115250,115280,115230,115270
117120,117180,117100,117170,110390,110550,110390,110450,109420,109510,109380,109490,115250,115290,115240,115290
117170,117180,117120,117140,110450,110500,110440,110440,109480,109520,109440,109460,115290,115290,115260,115260
117130,117160,117100,117160,110440,110470,110410,110440,109460,109570,109460,109560,115260,115270,115230,115230
117150,117160,117090,117100,110450,110480,110420,110480,109550,109570,109510,109530,115240,115290,115230,115260
117090,117100,117050,117090,110470,110510,110460,110470,109530,109540,109430,109510,115260,115320,115230,115310
117080,117120,117060,117080,110480,110580,110470,110520,109490,109510,109430,109450,115310,115310,115270,115300
117080,117100,117040,117060,110520,110530,110480,110500,109450,109510,109450,109500,115290,115300,115260,115270
117060,117080,117030,117060,110520,110580,110510,110550,109500,109510,109440,109480,115260,115420,115260,115380
117070,117140,117060,117140,110540,110560,110500,110510,109470,109560,109460,109550,115380,115380,115280,115300
117120,117150,117070,117080,110500,110510,110470,110480,109560,109560,109510,109550,115310,115330,115270,115310
117070,117080,117010,117070,110480,110490,110440,110460,109560,109630,109540,109620,115320,115370,115320,115360
117080,117120,117060,117120,110450,110500,110440,110490,109610,109620,109590,109600,115350,115380,115340,115350
117120,117230,117110,117220,110500,110580,110490,110540,109600,109630,109590,109620,115350,115360,115300,115310
117220,117240,117110,117160,110530,110540,110450,110460,109630,109660,109630,109640,115310,115380,115310,115350
117160,117200,117120,117120,110450,110520,110440,110470,109640,109690,109640,109660,115350,115370,115340,115350
117120,117200,117100,117180,110470,110510,110470,110500,109670,109690,109600,109640,115350,115360,115330,115360
117170,117180,117130,117180,110500,110580,110500,110570,109650,109680,109630,109670,115340,115390,115330,115360
117180,117190,117150,117170,110570,110620,110570,110600,109650,109700,109580,109590,115350,115410,115340,115340
117180,117200,117170,117190,110600,110630,110550,110600,109600,109620,109580,109600,115330,115360,115330,115340
117190,117270,117170,117270,110600,110620,110570,110570,109580,109630,109560,109570,115340,115350,115280,115280
117270,117270,117130,117140,110570,110600,110560,110590,109570,109590,109560,109570,115270,115330,115270,115300
117140,117150,117090,117100,110600,110600,110570,110570,109570,109590,109490,109510,115310,115340,115300,115340
117090,117120,117050,117080,110570,110610,110550,110550,109520,109550,109500,109500,115350,115410,115340,115390
117080,117120,117040,117080,110560,110570,110500,110510,109510,109560,109490,109530,115390,115480,115390,115430
117090,117150,117080,117140,110510,110510,110420,110430,109520,109540,109440,109450,115430,115460,115370,115370
117140,117160,117120,117140,110420,110540,110420,110530,109470,109500,109330,109330,115380,115380,115280,115280
117140,117170,117130,117130,110530,110540,110450,110460,109330,109410,109310,109370,115280,115300,115260,115280
117110,117230,117100,117230,110460,110460,110340,110360,109350,109380,109200,109210,115290,115320,115260,115260
117230,117240,117130,117170,110370,110400,110340,110350,109220,109260,109170,109240,115270,115280,115250,115250
117190,117190,117090,117090,110360,110410,110340,110350,109250,109320,109230,109310,115250,115250,115140,115180
117090,117140,117080,117090,110340,110440,110330,110420,109310,109330,109280,109290,115170,115190,115140,115160
117090,117100,116940,116960,110410,110430,110390,110390,109290,109420,109290,109410,115150,115240,115150,115190
116960,116990,116830,116880,110390,110400,110350,110380,109420,109460,109380,109400,115190,115260,115170,115220
116860,116890,116710,116880,110390,110430,110360,110420,109380,109420,109370,109400,115220,115280,115200,115270
116880,116880,116850,116860,110430,110470,110400,110460,109410,109450,109380,109440,115260,115300,115240,115260
116870,116920,116850,116920,110470,110470,110410,110420,109450,109480,109420,109480,115260,115260,115190,115200
116910,116940,116910,116940,110440,110490,110430,110470,109470,109470,109380,109450,115200,115220,115170,115200
116940,116970,116920,116970,110460,110560,110460,110550,109470,109670,109450,109550,115200,115220,115200,115220
116960,117040,116950,116980,110560,110620,110540,110590,109550,109550,109390,109440,115220,115260,115210,115250
116990,117000,116930,116970,110590,110600,110550,110550,109450,109500,109430,109480,115230,115260,115190,115260
116960,116960,116810,116830,110560,110580,110520,110520,109480,109580,109480,109580,115250,115310,115220,115240
116830,116880,116810,116870,110520,110670,110520,110670,109580,109640,109560,109580,115240,115280,115200,115230
116870,116880,116740,116840,110670,110830,110670,110760,109580,109610,109560,109600,115220,115240,115130,115180
116840,116840,116650,116690,110760,110830,110740,110770,109610,109610,109540,109600,115180,115230,115170,115220
116700,116710,116600,116640,110770,110780,110710,110750,109590,109640,109590,109620,115220,115260,115210,115240
116640,116710,116630,116680,110750,110760,110710,110740,109630,109780,109630,109770,115240,115280,115230,115240
116680,116760,116660,116760,110740,110750,110710,110720,109770,109780,109670,109710,115230,115250,115210,115240
116750,116750,116670,116670,110730,110760,110720,110740,109700,109730,109630,109640,115240,115240,115180,115200
116670,116690,116640,116670,110740,110750,110680,110690,109630,109640,109500,109520,115200,115220,115180,115190
116670,116700,116640,116670,110690,110740,110680,110740,109520,109560,109420,109530,115210,115230,115210,115230
116680,116730,116650,116720,110730,110740,110690,110700,109520,109560,109490,109490,115230,115250,115220,115240
116720,116760,116660,116670,110690,110720,110670,110680,109500,109530,109470,109490,115230,115250,115220,115240
116680,116710,116630,116660,110680,110730,110670,110720,109490,109570,109470,109540,115240,115370,115220,115250
116660,116700,116610,116680,110730,110890,110720,110830,109530,109620,109520,109620,115250,115260,115200,115210
116690,116710,116630,116640,110820,110920,110820,110870,109610,109690,109540,109570,115210,115240,115170,115190
116630,116640,116500,116530,110870,110880,110790,110800,109590,109640,109580,109610,115180,115210,115160,115170
116530,116600,116500,116520,110800,110850,110780,110830,109610,109680,109560,109660,115170,115200,115140,115170
116530,116540,116360,116390,110830,110870,110810,110820,109650,109700,109650,109700,115170,115170,115110,115140
116380,116460,116350,116460,110840,110840,110740,110740,109700,109700,109620,109680,115140,115220,115120,115200
116450,116580,116450,116570,110750,110790,110740,110760,109680,109720,109620,109710,115220,115250,115210,115220
116560,116590,116530,116580,110770,110780,110750,110770,109720,109760,109700,109710,115220,115260,115210,115230
116580,116600,116550,116580,110770,110790,110720,110720,109710,109750,109670,109750,115240,115250,115180,115210
116570,116660,116560,116640,110720,110750,110710,110730,109760,109770,109700,109710,115220,115250,115150,115240
116640,116660,116570,116640,110730,110760,110700,110700,109700,109720,109640,109680,115240,115280,115230,115260
116640,116680,116630,116670,110700,110750,110700,110740,109680,109720,109670,109690,115270,115290,115250,115250
116670,116720,116650,116670,110730,110790,110720,110770,109700,109770,109690,109750,115250,115260,115210,115250
116660,116730,116650,116700,110770,110810,110750,110790,109750,109760,109670,109670,115240,115250,115230,115240
116680,116740,116670,116730,110800,110860,110780,110850,109680,109730,109670,109680,115240,115260,115220,115260
116720,116750,116700,116750,110850,110870,110760,110780,109680,109760,109670,109750,115260,115270,115210,115230
116750,116820,116720,116770,110780,110780,110740,110750,109740,109740,109700,109710,115230,115230,115190,115200
116770,116840,116760,116820,110750,110780,110730,110760,109720,109740,109690,109690,115200,115240,115200,115230
116830,116840,116760,116770,110750,110770,110740,110770,109700,109740,109700,109730,115220,115240,115200,115230
116770,116810,116760,116810,110770,110780,110730,110760,109730,109750,109720,109730,115230,115270,115210,115210
116800,116810,116750,116790,110770,110770,110750,110770,109740,109760,109710,109750,115220,115250,115190,115190
116780,116800,116760,116760,110770,110820,110760,110810,109750,109840,109750,109770,115200,115210,115170,115190
116750,116760,116700,116730,110810,110810,110770,110810,109770,109890,109760,109840,115200,115220,115180,115190
116730,116770,116710,116760,110810,110830,110780,110790,109830,109840,109760,109770,115190,115200,115180,115180
116770,116810,116760,116790,110780,110790,110760,110760,109770,109780,109730,109780,115180,115220,115180,115190
116780,116830,116780,116830,110770,110830,110770,110790,109770,109770,109660,109710,115190,115230,115190,115230
116820,116830,116780,116830,110790,110790,110720,110730,109700,109740,109700,109710,115230,115250,115210,115230
116830,116860,116800,116830,110720,110770,110710,110770,109720,109740,109700,109730,115210,115250,115190,115220
116850,116860,116830,116860,110760,110770,110710,110740,109730,109810,109730,109800,115210,115220,115200,115200
116860,116900,116840,116840,110730,110770,110720,110760,109810,109850,109800,109820,115200,115230,115190,115230
116850,116850,116660,116670,110750,110760,110620,110650,109830,109980,109800,109940,115210,115300,115200,115290
116670,116680,116610,116620,110640,110660,110620,110640,109920,109940,109840,109840,115280,115290,115240,115250
116620,116620,116510,116590,110630,110650,110530,110540,109850,109890,109780,109880,115250,115260,115200,115210
116600,116670,116580,116670,110550,110590,110520,110590,109900,110070,109890,110020,115220,115240,115200,115200
116670,116800,116640,116780,110580,110630,110570,110590,110010,110040,109950,110040,115210,115220,115190,115200
116770,116860,116710,116860,110580,110640,110570,110620,110030,110040,109890,109940,115210,115220,115180,115200
116860,116870,116800,116820,110620,110650,110610,110630,109950,109960,109910,109930,115200,115220,115190,115220
116810,116830,116780,116810,110640,110670,110620,110660,109930,109950,109870,109950,115210,115250,115200,115250
116800,116820,116790,116820,110670,110690,110660,110690,109930,109950,109900,109940,115260,115270,115220,115240
116830,116850,116810,116810,110700,110750,110680,110720,109940,109970,109920,109970,115240,115300,115230,115240
116810,116840,116800,116810,110730,110780,110710,110720,109960,109980,109900,109930,115250,115260,115220,115260
116810,116820,116750,116800,110730,110760,110720,110720,109920,109930,109900,109920,115250,115260,115230,115250
116810,116890,116810,116860,110720,110720,110690,110690,109910,109920,109880,109890,115250,115260,115230,115230
116850,116880,116790,116810,110690,110710,110640,110670,109890,109920,109880,109920,115240,115240,115200,115200
116810,116820,116760,116780,110670,110710,110660,110670,109930,109930,109860,109880,115210,115240,115190,115190
116780,116780,116720,116730,110670,110750,110670,110740,109890,109920,109870,109900,115190,115200,115140,115190
116740,116840,116740,116800,110750,110780,110720,110780,109890,109890,109870,109890,115190,115230,115180,115200
116790,116800,116750,116790,110770,110820,110750,110770,109890,109900,109860,109900,115200,115230,115190,115210
116770,116820,116750,116820,110780,110780,110690,110690,109900,109960,109870,109950,115200,115220,115190,115210
116810,116810,116780,116800,110690,110760,110680,110740,109960,110130,109950,110010,115220,115220,115160,115180
116790,116860,116780,116860,110750,110750,110650,110650,110010,110040,109950,109980,115180,115220,115180,115180
116860,116880,116840,116840,110660,110670,110620,110630,109970,110010,109950,109970,115190,115190,115150,115170
116840,116850,116810,116850,110630,110670,110610,110650,109950,109970,109940,109960,115170,115260,115160,115240
116860,117020,116850,117010,110670,110690,110640,110640,109970,110030,109970,110020,115240,115270,115210,115220
117010,117100,117010,117070,110650,110740,110640,110740,110040,110070,110000,110010,115220,115230,115180,115200
117060,117180,117030,117140,110740,110810,110730,110810,110000,110220,109950,110220,115200,115200,115170,115180
117150,117180,117080,117080,110810,110820,110700,110710,110210,110220,110120,110160,115170,115180,115140,115160
117090,117110,117060,117090,110720,110720,110630,110660,110170,110280,110160,110230,115160,115190,115140,115160
117100,117100,117040,117100,110660,110700,110640,110680,110220,110300,110210,110300,115170,115180,115150,115170
117110,117150,117090,117130,110690,110740,110670,110710,110300,110300,110250,110260,115170,115180,115150,115180
117130,117160,117090,117160,110720,110750,110710,110730,110270,110310,110240,110270,115180,115200,115140,115190
117140,117150,117080,117090,110730,110750,110680,110690,110270,110300,110240,110250,115190,115200,115170,115170
117100,117140,117050,117050,110690,110710,110650,110670,110240,110260,110210,110220,115170,115190,115130,115140
117050,117060,117020,117050,110660,110660,110570,110600,110210,110230,110130,110130,115130,115140,114930,114950
117040,117160,117030,117160,110600,110620,110550,110570,110140,110150,110100,110120,114950,114960,114830,114920
117160,117170,117020,117070,110570,110590,110530,110530,110120,110130,110090,110120,114910,114990,114900,114990
117060,117170,117030,117130,110540,110580,110540,110550,110120,110170,110110,110150,114990,115030,114980,114990
117120,117170,117120,117140,110540,110600,110530,110600,110170,110240,110140,110200,114990,115020,114950,115000
117140,117140,117090,117100,110590,110630,110590,110630,110200,110240,110170,110240,115000,115020,114970,114990
117090,117110,117080,117110,110630,110640,110570,110580,110230,110240,110140,110170,114990,115000,114940,114940
117120,117150,117110,117110,110580,110600,110460,110460,110180,110180,110110,110120,114950,114990,114910,114980
117110,117110,117050,117050,110460,110490,110390,110410,110120,110130,110090,110110,114990,115000,114960,114990
117060,117110,117060,117090,110410,110450,110380,110420,110110,110220,110110,110200,114960,114980,114910,114960
117100,117100,116970,116980,110420,110490,110420,110460,110200,110200,110170,110170,114960,114990,114950,114980
116980,117000,116900,116960,110480,110550,110450,110540,110180,110180,110120,110120,114970,115020,114960,115000
116970,116970,116750,116760,110530,110560,110430,110450,110120,110120,110050,110060,115010,115030,114990,115000
116770,116880,116740,116840,110450,110460,110430,110450,110060,110090,110040,110050,114990,115080,114990,115070
116830,116830,116770,116810,110460,110480,110430,110460,110050,110090,110040,110070,115060,115070,115010,115020
116800,116840,116780,116790,110460,110500,110430,110480,110050,110060,109990,110020,115010,115020,114990,115010
116790,116850,116760,116840,110480,110570,110480,110530,110040,110070,110020,110060,115010,115080,115010,115050
116830,116890,116820,116880,110540,110540,110460,110470,110050,110050,110000,110000,115030,115070,115010,115050
116890,116890,116850,116850,110470,110490,110400,110420,110010,110020,109960,109960,115040,115050,115010,115040
116860,116890,116850,116860,110420,110490,110400,110470,109970,110030,109970,110000,115030,115050,115000,115010
116870,116920,116850,116900,110480,110520,110440,110470,110010,110010,109970,109980,115000,115040,114950,115010
116900,116930,116890,116890,110460,110630,110440,110600,109990,110080,109990,110080,115020,115070,114990,115070
116890,116890,116740,116760,110610,110690,110570,110680,110080,110240,110070,110190,115070,115090,114920,114980
116770,116820,116750,116770,110680,110730,110650,110720,110200,110210,110160,110190,114980,115030,114960,114980
116780,116780,116700,116730,110720,110790,110700,110760,110190,110240,110160,110230,114980,115000,114950,114980
116740,116780,116730,116740,110760,110780,110730,110760,110220,110260,110170,110260,114990,115000,114940,114990
116750,116750,116670,116690,110770,110770,110710,110730,110260,110280,110220,110250,114980,115030,114980,115010
116690,116740,116670,116730,110740,110750,110670,110690,110260,110270,110220,110250,115010,115020,114970,114990
116720,116750,116690,116730,110690,110730,110670,110720,110250,110260,110220,110240,115000,115050,114990,115050
116730,116750,116710,116710,110700,110790,110700,110770,110220,110280,110200,110280,115030,115090,115030,115090
116720,116720,116650,116690,110760,110760,110680,110700,110280,110370,110260,110300,115100,115220,115100,115200
116680,116710,116660,116700,110690,110740,110660,110690,110310,110320,110230,110240,115200,115220,115170,115200
116700,116830,116690,116820,110680,110700,110650,110660,110260,110290,110250,110270,115210,115210,115130,115140
116830,116840,116780,116840,110660,110730,110630,110700,110270,110290,110190,110210,115140,115150,115090,115090
116840,116870,116760,116790,110690,110710,110670,110680,110220,110220,110170,110190,115090,115150,115090,115120
116790,116790,116700,116710,110680,110710,110670,110700,110200,110230,110170,110170,115120,115140,115030,115060
116710,116730,116620,116690,110710,110730,110660,110690,110180,110180,110140,110160,115050,115080,115020,115040
116690,116710,116640,116700,110690,110690,110600,110600,110150,110180,110110,110160,115040,115070,115020,115060
116690,116720,116670,116710,110600,110630,110570,110610,110150,110220,110140,110210,115060,115100,115030,115060
116710,116710,116620,116620,110620,110700,110610,110670,110210,110220,110170,110200,115070,115100,115040,115040
116640,116660,116620,116640,110670,110730,110670,110700,110200,110280,110200,110250,115050,115130,115050,115130
116650,116740,116630,116730,110710,110730,110660,110730,110260,110310,110250,110300,115130,115130,115070,115070
116720,116840,116710,116820,110720,110730,110620,110620,110300,110370,110300,110340,115070,115080,115040,115060
116830,116840,116790,116800,110620,110650,110600,110600,110350,110390,110340,110360,115070,115110,115060,115080
116810,116840,116770,116800,110610,110620,110510,110510,110370,110390,110320,110360,115090,115110,115060,115090
116810,116860,116800,116830,110510,110560,110500,110550,110360,110430,110360,110410,115090,115110,115090,115110
116830,116880,116810,116860,110560,110570,110510,110530,110430,110450,110360,110370,115100,115200,115080,115200
116870,116920,116860,116910,110530,110570,110520,110520,110390,110390,110290,110290,115190,115190,115160,115170
116890,116900,116820,116870,110520,110550,110510,110520,110300,110350,110290,110330,115160,115370,115160,115290
116870,116900,116830,116890,110520,110590,110520,110570,110340,110440,110330,110420,115300,115370,115270,115360
116890,116920,116890,116920,110560,110590,110560,110570,110420,110430,110360,110410,115360,115380,115320,115340
116920,116980,116910,116980,110590,110590,110430,110460,110410,110540,110380,110500,115350,115350,115300,115330
116980,117000,116930,117000,110440,110510,110430,110490,110500,110530,110430,110440,115330,115340,115300,115310
117000,117000,116940,116990,110490,110570,110480,110570,110440,110450,110340,110350,115320,115320,115300,115300
116980,117000,116950,116990,110570,110600,110510,110590,110350,110370,110320,110370,115310,115330,115290,115320
117000,117000,116950,116970,110570,110650,110560,110610,110370,110380,110320,110340,115320,115370,115280,115300
116960,116970,116930,116970,110610,110610,110570,110580,110330,110390,110330,110380,115290,115310,115280,115290
116960,116960,116890,116890,110590,110610,110530,110550,110390,110390,110320,110340,115290,115290,115270,115280
116900,116900,116840,116850,110550,110570,110530,110530,110350,110390,110290,110310,115280,115290,115280,115290
116860,116860,116780,116780,110560,110600,110520,110530,110310,110740,110310,110690,115290,115300,115280,115290
116790,116840,116760,116800,110540,110540,110450,110520,110690,110980,110680,110910,115280,115300,115260,115280
116810,116830,116780,116790,110520,110530,110490,110490,110910,111120,110850,111020,115280,115300,115250,115260
116780,116850,116770,116850,110480,110510,110430,110430,111020,111220,111020,111040,115260,115260,115130,115150
116850,116870,116800,116840,110430,110440,110250,110310,111030,111080,110980,111020,115160,115190,115150,115150
116840,116870,116840,116870,110300,110320,110220,110270,111020,111040,110920,110930,115170,115200,115160,115200
116860,116890,116840,116840,110260,110300,110250,110300,110930,110990,110910,110950,115180,115230,115160,115220
116840,116870,116820,116860,110300,110350,110270,110320,110960,111080,110950,111030,115220,115240,115160,115200
116880,116950,116860,116920,110330,110340,110220,110230,111030,111050,110780,110830,115200,115210,115110,115120
116930,116990,116900,116930,110220,110240,110110,110220,110830,110850,110760,110830,115140,115240,115120,115210
116930,116980,116910,116970,110220,110300,110210,110260,110820,110880,110770,110790,115200,115330,115130,115270
116960,117040,116960,117030,110260,110270,110230,110240,110800,110940,110770,110930,115280,115310,115170,115260
117030,117040,116990,117020,110240,110310,110240,110310,110920,110930,110850,110860,115260,115260,115170,115180
117020,117080,117010,117030,110290,110290,110240,110250,110870,110980,110870,110960,115180,115200,115050,115070
117030,117150,117030,117140,110240,110240,110050,110200,110970,111000,110940,110970,115070,115190,115060,115180
117140,117170,117040,117110,110190,110190,110110,110140,110970,110970,110880,110920,115180,115210,115180,115200
117120,117160,117120,117150,110130,110180,110010,110040,110910,110950,110770,110920,115220,115270,115200,115230
117160,117160,117100,117130,110040,110050,109870,109900,110920,110920,110860,110880,115230,115260,115190,115220
117120,117200,117100,117170,109900,109970,109860,109970,110880,110940,110860,110920,115210,115240,115210,115220
117160,117240,117120,117230,109970,110030,109940,110010,110920,110970,110910,110930,115220,115260,115220,115250
117220,117230,117190,117200,110010,110020,109980,109990,110930,110970,110900,110900,115250,115250,115190,115210
117190,117270,117180,117210,109990,110000,109960,109980,110910,110930,110890,110900,115220,115230,115190,115200
117210,117230,117120,117150,109990,110000,109910,109920,110900,110930,110870,110920,115210,115240,115190,115220
117160,117220,117060,117130,109920,109920,109780,109830,110920,111000,110870,110880,115220,115240,115190,115190
117120,117130,117080,117120,109830,109860,109780,109780,110890,110890,110830,110870,115200,115220,115180,115210
117080,117130,117080,117110,109800,109810,109610,109620,110870,110910,110840,110900,115220,115230,115180,115200
117110,117130,117080,117120,109620,109670,109500,109520,110860,110900,110840,110870,115210,115250,115210,115240
117130,117130,117110,117130,109520,109530,109320,109460,110860,110910,110850,110890,115240,115270,115210,115260
117110,117130,117030,117040,109450,109460,109390,109420,110880,110900,110850,110880,115250,115290,115250,115270
117040,117040,116940,116970,109410,109430,109300,109360,110870,110940,110820,110870,115270,115270,115190,115210
116960,116980,116880,116930,109370,109520,109360,109410,110860,110900,110840,110880,115220,115240,115190,115240
116940,116980,116910,116970,109410,109510,109330,109510,110860,110950,110860,110950,115230,115240,115210,115240
116970,117010,116920,116920,109510,109520,109420,109450,110950,110950,110860,110900,115230,115250,115220,115230
116940,116940,116780,116830,109470,109480,109420,109460,110900,110920,110870,110880,115240,115260,115200,115200
116830,116880,116830,116840,109450,109480,109420,109440,110880,110900,110820,110830,115210,115240,115200,115200
116860,116860,116540,116560,109420,109460,109380,109440,110820,110840,110760,110760,115210,115250,115200,115240
116580,116660,116540,116650,109420,109420,109310,109320,110760,110800,110740,110780,115240,115250,115220,115220
116650,116680,116610,116630,109320,109380,109320,109370,110770,110790,110700,110710,115230,115250,115220,115240
116650,116650,116580,116610,109350,109470,109350,109360,110710,110780,110710,110740,115240,115280,115240,115260
116620,116660,116590,116650,109370,109470,109340,109440,110740,110790,110720,110790,115260,115260,115210,115230
116650,116670,116620,116640,109440,109580,109430,109510,110770,110770,110730,110760,115230,115250,115230,115230
116630,116700,116590,116680,109490,109560,109490,109540,110760,110780,110720,110760,115220,115220,115190,115210
116680,116700,116650,116670,109530,109600,109500,109540,110770,110780,110730,110750,115220,115220,115160,115200
116660,116680,116610,116650,109530,109610,109530,109600,110740,110790,110730,110790,115200,115200,115120,115130
116640,116730,116610,116720,109600,109620,109540,109580,110780,110820,110770,110800,115130,115190,115110,115170
116730,116800,116720,116800,109580,109590,109520,109560,110810,110870,110800,110850,115180,115190,115140,115150
116810,116810,116670,116680,109550,109580,109510,109560,110840,110920,110830,110860,115160,115190,115130,115160
116680,116750,116650,116730,109560,109560,109450,109510,110860,110870,110830,110850,115170,115190,115170,115180
116740,116750,116700,116750,109510,109640,109480,109610,110840,110860,110800,110800,115190,115250,115180,115220
116760,116800,116720,116730,109610,109640,109580,109610,110800,110850,110790,110820,115210,115280,115200,115280
116740,116750,116670,116750,109610,109630,109450,109460,110820,110830,110790,110800,115280,115330,115270,115280
116750,116920,116750,116880,109460,109520,109460,109500,110790,110800,110730,110750,115270,115330,115260,115290
116890,116980,116870,116880,109500,109530,109430,109440,110750,110790,110730,110760,115290,115300,115250,115290
116880,116970,116860,116960,109440,109460,109300,109340,110760,110790,110730,110750,115300,115350,115280,115300
116960,117000,116910,116920,109350,109600,109340,109520,110770,110770,110710,110730,115310,115320,115270,115280
116920,116950,116880,116950,109510,109760,109460,109720,110730,110810,110710,110750,115280,115290,115210,115230
116930,116950,116880,116910,109720,109800,109660,109690,110740,110750,110670,110690,115230,115260,115220,115230
116920,116990,116910,116980,109690,109700,109520,109660,110690,110700,110640,110650,115220,115250,115220,115250
116980,117010,116970,117000,109670,109720,109600,109620,110650,110690,110630,110690,115240,115250,115210,115250
117010,117090,117000,117080,109620,109660,109500,109520,110700,110710,110530,110560,115250,115290,115250,115280
117090,117090,116980,116980,109520,109700,109430,109680,110550,110590,110510,110540,115290,115310,115250,115300
116990,117020,116880,116940,109680,109710,109520,109640,110530,110600,110520,110570,115300,115300,115220,115280
116940,116940,116880,116920,109640,109680,109540,109660,110570,110610,110560,110590,115280,115290,115240,115270
116900,116930,116900,116910,109670,109810,109590,109760,110580,110590,110500,110570,115270,115330,115240,115310
116910,116950,116900,116940,109770,109890,109750,109840,110580,110640,110580,110580,115300,115370,115300,115350
116950,116950,116910,116910,109840,109890,109800,109800,110600,110740,110600,110720,115360,115380,115340,115340
116900,116980,116900,116950,109810,109890,109770,109800,110720,110800,110700,110700,115340,115370,115310,115350
116950,116970,116880,116920,109800,109830,109740,109810,110700,110710,110650,110700,115350,115380,115310,115340
116880,116900,116760,116870,109820,109820,109710,109770,110690,110710,110610,110630,115340,115360,115300,115300
116870,116890,116810,116820,109770,109770,109680,109680,110610,110660,110610,110640,115300,115360,115300,115340
116810,116820,116760,116780,109680,109680,109560,109610,110630,110660,110610,110650,115330,115340,115270,115290
116760,116860,116720,116850,109610,109730,109610,109720,110650,110650,110590,110620,115300,115330,115270,115320
116860,116940,116790,116790,109710,109740,109640,109740,110620,110690,110590,110660,115320,115330,115310,115320
116790,116840,116790,116830,109750,109860,109710,109840,110650,110790,110650,110780,115320,115470,115300,115440
116840,116870,116810,116830,109840,109840,109760,109780,110770,110840,110740,110820,115430,115450,115390,115410
116820,116820,116750,116770,109760,109820,109730,109750,110820,110870,110780,110850,115410,115440,115390,115420
116770,116800,116680,116750,109760,109850,109730,109850,110850,110870,110800,110820,115410,115460,115390,115430
116750,116840,116720,116820,109860,109860,109780,109800,110820,110850,110780,110810,115430,115470,115420,115420
116830,116960,116820,116900,109810,109810,109690,109760,110810,110870,110800,110840,115420,115420,115370,115390
116910,116920,116880,116900,109770,109860,109770,109840,110840,110850,110740,110770,115400,115440,115380,115420
116900,117000,116900,116940,109850,109910,109820,109910,110770,110770,110710,110760,115420,115440,115320,115340
116950,116960,116910,116930,109900,109930,109860,109880,110760,110820,110750,110790,115330,115350,115190,115240
116950,116990,116940,116960,109890,109920,109820,109820,110780,110820,110770,110810,115230,115280,115230,115270
116970,117030,116930,117000,109830,109850,109800,109820,110820,110900,110790,110890,115250,115260,115180,115220
116990,117050,116990,117040,109810,109820,109640,109670,110880,110950,110870,110900,115210,115250,115190,115230
117040,117130,117040,117100,109680,109790,109660,109730,110900,110930,110820,110840,115220,115280,115200,115270
117090,117140,117060,117140,109740,109790,109710,109730,110830,110850,110800,110810,115280,115300,115230,115270
117140,117170,117080,117090,109730,109810,109700,109750,110810,110890,110800,110870,115280,115290,115190,115210
117080,117090,116960,116980,109740,109770,109690,109710,110860,110920,110850,110910,115220,115260,115210,115260
116980,116990,116850,116960,109700,109770,109660,109760,110910,110960,110850,110850,115260,115320,115260,115300
116950,117000,116870,116920,109760,109880,109760,109830,110850,110870,110720,110760,115300,115320,115250,115270
116930,116970,116900,116950,109830,109840,109740,109790,110760,110820,110740,110810,115270,115270,115200,115220
116960,116980,116850,116850,109770,109780,109650,109660,110810,110910,110800,110900,115220,115260,115210,115210
116850,116900,116830,116880,109670,109730,109580,109590,110880,110900,110800,110800,115220,115310,115200,115300
116880,116880,116860,116880,109580,109690,109580,109680,110800,110840,110790,110790,115310,115330,115290,115310
116870,116880,116840,116880,109680,109730,109650,109700,110780,110860,110760,110850,115310,115450,115310,115410
116860,116910,116830,116840,109710,109770,109680,109740,110870,110880,110820,110820,115410,115420,115350,115380
116850,116850,116790,116840,109730,109820,109690,109800,110820,110870,110820,110840,115380,115420,115370,115420
116840,116890,116830,116880,109820,109840,109690,109720,110850,110870,110810,110840,115420,115430,115360,115370
116870,116890,116790,116850,109740,109750,109710,109710,110830,110880,110830,110870,115380,115440,115380,115400
116850,116950,116830,116940,109730,109800,109660,109680,110870,110870,110800,110830,115410,115410,115380,115410
116930,116990,116910,116930,109680,109690,109630,109670,110810,110840,110810,110840,115420,115440,115410,115430
116940,117010,116940,117000,109670,109700,109660,109700,110830,110830,110760,110770,115420,115450,115420,115450
117000,117040,116970,116990,109700,109880,109700,109830,110770,110840,110770,110830,115460,115460,115420,115450
116990,117070,116980,116990,109820,109830,109730,109750,110840,110860,110820,110860,115450,115460,115430,115460
116990,117080,116990,117080,109740,109780,109700,109720,110860,110860,110740,110750,115460,115460,115420,115440
117080,117130,117020,117030,109720,109770,109660,109710,110740,110860,110730,110850,115430,115450,115420,115430
117040,117060,116990,117020,109710,109730,109640,109670,110860,110860,110760,110780,115430,115460,115420,115430
117020,117150,117010,117120,109670,109670,109530,109590,110800,110820,110770,110800,115440,115440,115410,115420
117140,117140,117020,117030,109580,109580,109470,109540,110800,110860,110790,110840,115420,115430,115380,115390
117030,117050,117000,117020,109530,109550,109440,109490,110830,110860,110810,110830,115400,115410,115340,115350
117010,117070,117010,117040,109500,109550,109480,109550,110820,110900,110810,110900,115360,115400,115360,115380
117030,117140,117020,117130,109550,109550,109440,109510,110910,110930,110870,110900,115390,115460,115380,115400
117140,117160,117050,117070,109500,109550,109420,109500,110900,110990,110880,110980,115410,115430,115340,115340
117060,117120,117020,117120,109510,109510,109420,109440,110980,111060,110920,110940,115350,115380,115280,115300
117120,117230,117100,117220,109440,109510,109430,109490,110950,110960,110890,110910,115310,115440,115310,115420
117220,117220,117150,117180,109500,109610,109480,109600,110910,110980,110910,110930,115420,115560,115420,115520
117190,117240,117170,117220,109610,109620,109450,109480,110930,110990,110910,110980,115510,115570,115500,115510
117210,117250,117190,117190,109470,109480,109350,109360,110990,111120,110960,111100,115520,115590,115520,115550
117200,117220,117170,117210,109350,109400,109230,109260,111100,111270,111090,111260,115550,115620,115520,115550
117210,117290,117210,117230,109280,109280,109200,109260,111240,111350,111230,111320,115540,115620,115510,115510
117240,117270,117190,117190,109250,109330,109220,109310,111300,111340,111220,111290,115510,115570,115500,115530
117180,117220,117040,117070,109320,109330,109260,109300,111300,111310,111230,111270,115520,115600,115480,115520
117050,117240,117050,117160,109290,109290,109210,109210,111280,111290,111140,111170,115510,115590,115490,115500
117160,117220,117160,117190,109210,109340,109200,109330,111160,111190,111100,111120,115510,115560,115460,115530
117200,117200,117120,117170,109330,109340,109280,109300,111120,111140,111060,111080,115530,115640,115500,115610
117160,117200,117160,117200,109300,109310,109220,109260,111070,111140,111060,111090,115600,115650,115590,115610
117190,117320,117190,117270,109270,109270,109180,109190,111100,111100,110980,110990,115630,115670,115610,115670
117270,117380,117260,117370,109180,109300,109180,109290,111000,111080,110960,110980,115660,115700,115620,115630
117370,117410,117350,117380,109290,109350,109260,109340,110990,111000,110820,110870,115640,115640,115580,115620
117380,117500,117370,117410,109350,109430,109330,109400,110870,110880,110770,110830,115620,115630,115580,115610
117420,117470,117410,117440,109410,109520,109400,109470,110830,110920,110820,110890,115620,115630,115540,115600
117440,117570,117420,117510,109480,109500,109410,109450,110880,110930,110850,110850,115600,115660,115590,115610
117510,117610,117510,117520,109460,109490,109410,109430,110860,110960,110840,110950,115620,115630,115570,115580
117540,117710,117520,117670,109430,109500,109410,109490,110950,110960,110870,110940,115580,115600,115440,115460
117660,117780,117610,117720,109500,109580,109440,109500,110940,110970,110900,110900,115460,115470,115410,115460
117740,117790,117640,117640,109500,109560,109490,109550,110910,110960,110860,110920,115460,115490,115420,115420
117650,117730,117640,117680,109560,109560,109460,109480,110930,110980,110850,110870,115420,115440,115290,115310
117680,117720,117650,117690,109480,109560,109460,109460,110870,110890,110830,110830,115320,115330,115250,115290
117690,117730,117670,117720,109460,109640,109460,109600,110830,110860,110790,110860,115300,115330,115290,115310
117710,117750,117620,117700,109600,109720,109600,109690,110840,110850,110790,110820,115310,115320,115270,115280
117700,117880,117700,117830,109690,109710,109590,109600,110820,110820,110740,110740,115290,115300,115270,115300
117840,117900,117810,117880,109590,109640,109550,109640,110750,110830,110740,110800,115300,115300,115230,115270
117890,117960,117880,117910,109650,109690,109550,109570,110800,110890,110740,110850,115270,115290,114960,114970
117910,117930,117860,117870,109560,109570,109460,109550,110840,110910,110810,110860,114960,115030,114910,114970
117870,117870,117810,117840,109550,109700,109520,109640,110860,110880,110780,110850,114980,115090,114970,115060
117840,117860,117730,117730,109660,109660,109600,109600,110850,110880,110810,110830,115050,115180,115020,115150
117750,117800,117750,117760,109610,109630,109570,109600,110840,110850,110770,110780,115150,115170,115110,115160
117760,117800,117720,117750,109610,109630,109580,109630,110790,110820,110710,110730,115160,115230,115150,115210
117760,117800,117740,117760,109630,109750,109620,109730,110720,110810,110720,110770,115220,115280,115180,115210
117760,117820,117750,117800,109720,109780,109670,109730,110770,110790,110650,110720,115200,115240,115170,115230
117790,117810,117750,117760,109730,109780,109700,109710,110720,110780,110710,110770,115240,115280,115230,115240
117760,117840,117750,117840,109710,109770,109700,109720,110770,110800,110760,110790,115240,115380,115240,115340
117840,117940,117840,117930,109730,109730,109650,109660,110770,110790,110700,110740,115340,115360,115220,115230
117930,118060,117930,117980,109660,109690,109650,109670,110740,110740,110670,110700,115230,115280,115230,115280
117980,118060,117970,118030,109670,109690,109610,109630,110690,110740,110670,110730,115270,115300,115210,115260
118020,118110,118010,118040,109620,109680,109610,109650,110710,110760,110670,110750,115260,115270,115170,115190
118030,118080,118030,118060,109640,109680,109590,109650,110750,110870,110740,110870,115200,115210,115110,115130
118050,118080,117960,117990,109650,109650,109520,109520,110860,110910,110850,110890,115130,115210,115120,115180
117980,117990,117910,117910,109520,109630,109520,109630,110870,110960,110840,110860,115160,115220,115150,115220
117910,117940,117870,117930,109620,109670,109600,109620,110850,110860,110740,110760,115190,115210,115170,115210
117940,118000,117910,117940,109610,109720,109610,109690,110750,110810,110740,110790,115200,115260,115190,115230
117940,118020,117930,117990,109700,109760,109670,109730,110790,110820,110780,110810,115250,115270,115190,115200
118000,118020,117950,118000,109740,109800,109710,109740,110810,110820,110770,110780,115200,115210,115060,115090
118000,118030,117980,118020,109730,109760,109690,109730,110770,110770,110710,110730,115080,115220,115080,115220
118030,118030,117970,117980,109720,109750,109690,109730,110720,110760,110720,110760,115210,115240,115170,115240
117970,117990,117950,117960,109730,109780,109700,109710,110760,110780,110720,110740,115240,115240,115180,115190
117980,118050,117980,118010,109700,109740,109620,109670,110740,110770,110710,110740,115190,115240,115120,115140
118020,118050,117980,117980,109690,109740,109640,109710,110730,110760,110690,110750,115140,115220,115130,115180
117980,118050,117980,118020,109700,109720,109640,109670,110740,110800,110680,110730,115170,115210,115150,115200
118020,118070,118000,118030,109660,109720,109630,109690,110720,110750,110680,110700,115190,115190,115120,115120
118020,118060,117960,117980,109700,109740,109660,109720,110680,110770,110640,110760,115120,115130,115060,115090
117990,118010,117860,117870,109730,109800,109720,109800,110770,110880,110760,110800,115080,115140,115070,115120
117870,118020,117870,118000,109790,109850,109750,109790,110800,110800,110640,110680,115120,115170,115080,115140
118000,118060,117990,118060,109780,109880,109780,109860,110680,110810,110670,110710,115140,115150,115060,115080
118060,118070,117980,118010,109860,110100,109840,110090,110720,110720,110540,110610,115080,115120,115000,115040
118010,118020,117940,117950,110080,110110,110050,110080,110590,110600,110510,110540,115030,115050,114980,115010
117950,118060,117950,118040,110090,110240,110050,110230,110530,110630,110450,110610,115020,115060,115000,115040
118050,118260,118050,118140,110230,110260,110190,110210,110590,110780,110530,110780,115050,115070,115000,115040
118140,118170,118090,118130,110210,110370,110200,110340,110780,110800,110720,110740,115040,115080,115020,115060
118140,118160,118090,118100,110350,110380,110270,110290,110740,110770,110660,110740,115060,115160,115060,115140
118110,118170,118100,118100,110300,110340,110280,110310,110740,110790,110680,110750,115150,115160,115060,115070
118090,118150,118060,118070,110300,110360,110290,110330,110750,110750,110640,110730,115070,115070,114990,115010
118060,118180,118040,118150,110340,110370,110310,110310,110720,110940,110630,110940,115000,115000,114870,114910
118150,118210,118050,118050,110300,110480,110300,110470,110930,111080,110900,110930,114920,115010,114910,114970
118060,118100,118060,118080,110470,110570,110460,110540,110930,110970,110850,110970,114960,115030,114900,115010
118080,118120,118070,118120,110540,110550,110450,110490,110950,110980,110920,110960,115000,115090,114980,115070
118120,118170,118100,118170,110490,110540,110460,110500,110950,110980,110860,110890,115050,115070,115000,115020
118130,118200,118060,118120,110470,110500,110400,110470,110860,110950,110800,110850,114980,114990,114680,114890
118130,118190,118120,118180,110470,110520,110220,110380,110840,111180,110830,110940,114900,114910,114710,114760
118170,118200,118160,118180,110380,110450,110270,110350,110930,110960,110820,110960,114770,114870,114730,114870
118200,118250,118180,118220,110370,110420,110350,110380,110940,110960,110870,110940,114870,115010,114830,114960
118230,118290,118230,118260,110390,110440,110350,110370,110930,110940,110890,110890,114960,115040,114950,115030
118250,118350,118250,118300,110360,110530,110360,110520,110890,110980,110890,110910,115020,115040,114990,115010
118290,118300,118090,118110,110530,110540,110470,110500,110910,111040,110880,111030,115010,115020,114950,115000
118120,118130,118040,118100,110510,110510,110450,110480,111020,111040,110940,110990,115010,115020,114960,115000
118110,118120,118090,118110,110470,110510,110420,110490,111000,111080,111000,111080,114980,115030,114970,115000
118100,118120,118040,118050,110480,110520,110410,110420,111090,111120,111010,111060,115000,115070,114990,115030
118050,118070,117960,118060,110430,110500,110420,110470,111060,111080,111030,111050,115020,115100,114990,115100
118050,118080,118030,118060,110480,110530,110400,110400,111060,111130,111050,111090,115090,115110,115070,115070
118080,118090,118060,118090,110400,110420,110360,110370,111100,111230,111080,111160,115080,115080,114970,114970
118090,118120,118070,118120,110360,110420,110330,110360,111160,111200,111140,111180,114970,115020,114950,115010
118100,118130,118070,118070,110370,110370,110290,110340,111200,111200,111130,111130,115020,115020,114820,114910
118080,118180,118080,118160,110350,110390,110310,110380,111140,111160,111080,111110,114910,115030,114860,115030
118160,118200,118110,118110,110370,110380,110280,110290,111090,111100,111020,111050,115030,115130,115010,115080
118120,118150,118070,118090,110280,110380,110280,110340,111050,111060,111010,111040,115080,115110,115020,115030
118090,118110,118060,118080,110330,110360,110300,110340,111030,111100,111030,111100,115030,115110,115020,115080
118080,118100,118060,118060,110350,110420,110350,110370,111110,111120,111070,111080,115080,115080,115020,115020
118060,118060,118040,118060,110360,110390,110340,110360,111090,111130,111080,111090,115040,115050,114970,115020
118060,118120,118050,118110,110360,110380,110300,110300,111070,111080,111010,111040,115000,115030,114970,115020
118110,118110,118090,118100,110300,110370,110290,110340,111040,111080,111020,111040,115020,115050,114940,115050
118100,118140,118090,118140,110340,110370,110320,110340,111050,111060,110970,111000,115050,115050,114990,115010
118140,118170,118110,118110,110340,110380,110340,110370,110990,111000,110930,110990,115000,115080,114970,115050
118120,118120,118050,118050,110380,110440,110370,110420,110990,111030,110940,111010,115060,115110,115040,115080
118050,118080,118040,118040,110430,110480,110400,110450,111000,111040,110990,111000,115060,115080,115010,115040
118040,118070,118010,118050,110460,110550,110460,110490,111020,111120,111020,111120,115020,115050,115000,115010
118060,118080,118040,118040,110500,110550,110500,110550,111130,111280,111130,111250,115020,115090,115010,115090
118050,118080,118040,118080,110540,110610,110520,110530,111260,111400,111260,111290,115090,115130,115050,115100
118080,118090,118030,118060,110530,110550,110370,110380,111280,111340,111220,111320,115100,115120,115070,115110
118060,118080,118040,118080,110380,110400,110330,110340,111320,111360,111270,111340,115080,115100,115060,115080
118090,118090,118070,118070,110330,110370,110290,110350,111360,111360,111300,111320,115080,115090,115020,115050
118080,118080,117980,117990,110360,110370,110250,110290,111320,111380,111280,111330,115050,115070,115030,115040
118010,118020,117990,118020,110290,110320,110260,110310,111330,111340,111290,111300,115030,115060,115030,115060
118010,118040,118010,118020,110300,110430,110280,110400,111300,111300,111210,111210,115050,115100,114970,114990
118020,118030,118000,118030,110420,110420,110330,110360,111220,111250,111170,111220,114980,115030,114970,115020
118000,118030,117980,118030,110370,110380,110330,110380,111210,111260,111210,111230,115020,115050,115010,115050
118020,118040,118000,118000,110390,110440,110370,110440,111220,111230,111180,111200,115060,115070,114980,114980
118000,118050,118000,118000,110430,110440,110370,110380,111180,111240,111180,111230,114980,114980,114910,114940
118000,118010,117970,117970,110380,110410,110370,110380,111220,111220,111080,111100,114940,115000,114930,114960
117980,118010,117910,118000,110370,110440,110330,110400,111100,111160,111070,111100,114950,114950,114860,114890
117980,117990,117980,117990,110400,110430,110390,110400,111100,111190,111100,111170,114890,114900,114810,114890
117990,117990,117910,117920,110390,110420,110370,110420,111190,111210,111140,111180,114900,114920,114850,114880
117920,117930,117810,117830,110420,110440,110390,110420,111190,111220,111150,111150,114870,114900,114860,114900
117840,117890,117830,117860,110400,110420,110350,110360,111160,111250,111160,111180,114900,114900,114800,114850
117870,117880,117830,117860,110370,110440,110370,110410,111210,111230,111130,111130,114840,114900,114840,114850
117870,117900,117850,117860,110420,110510,110420,110480,111130,111170,111120,111140,114850,114850,114830,114830
117860,117860,117720,117750,110490,110520,110470,110500,111130,111140,111090,111090,114830,114870,114810,114870
117740,117780,117720,117780,110500,110530,110470,110500,111100,111110,111070,111090,114870,114920,114870,114890
117770,117830,117760,117830,110510,110510,110470,110490,111090,111140,111090,111110,114880,114900,114860,114870
117830,117920,117820,117920,110490,110500,110460,110490,111100,111100,111070,111100,114870,114870,114790,114850
117920,117970,117920,117940,110480,110510,110460,110470,111100,111130,111090,111100,114830,114830,114790,114830
117930,117950,117890,117890,110470,110520,110460,110490,111110,111150,111100,111130,114830,114860,114810,114820
117910,117910,117870,117880,110490,110510,110430,110450,111120,111130,111100,111120,114830,114850,114800,114820
117870,117880,117860,117870,110440,110460,110270,110290,111110,111120,111100,111120,114820,114870,114770,114870
117870,117930,117870,117920,110290,110320,110270,110300,111110,111130,111090,111130,114870,114880,114830,114870
117930,117950,117910,117950,110310,110310,110240,110280,111120,111130,110990,111100,114870,114880,114810,114820
117950,117990,117930,117970,110270,110280,110160,110200,111090,111140,111090,111110,114820,114840,114780,114790
117980,118040,117970,118030,110200,110250,110150,110250,111120,111200,111110,111200,114800,114860,114790,114860
118020,118020,117930,117950,110230,110250,110170,110170,111200,111420,111150,111420,114850,114930,114850,114920
117940,117970,117940,117950,110180,110190,110140,110160,111420,111520,111360,111480,114910,114920,114870,114910
117940,117990,117890,117990,110150,110280,110140,110280,111480,111620,111430,111610,114920,114980,114910,114980
117990,118020,117990,118010,110260,110330,110220,110320,111620,111800,111620,111750,114980,114980,114930,114960
118010,118030,117990,117990,110310,110310,110270,110300,111760,111840,111720,111800,114960,114990,114920,114950
117990,118020,117970,117970,110300,110340,110280,110290,111800,111910,111790,111810,114950,114980,114940,114970
117990,118010,117980,118000,110280,110320,110240,110260,111810,111850,111700,111760,114980,115010,114960,115010
118000,118020,118000,118000,110250,110290,110220,110230,111760,111970,111760,111960,115010,115030,114980,115000
117990,117990,117990,117990,110230,110280,110200,110250,111940,112160,111930,112130,115000,115030,114990,115010
118000,118010,117990,118010,110240,110250,110200,110220,112120,112230,112100,112170,115020,115020,114990,115010
118010,118010,117990,117990,110210,110230,110190,110200,112180,112290,112180,112210,115020,115030,115000,115020
117990,118030,117990,118020,110190,110190,109980,110020,112210,112230,112030,112070,115020,115040,114980,114990
118030,118040,118020,118020,110010,110020,109950,109990,112070,112100,111970,111980,115010,115040,114980,115000
118030,118040,118020,118030,109990,110010,109950,109990,112000,112080,111990,112060,114990,115030,114990,115010
118020,118050,118020,118040,109990,110020,109920,109940,112060,112110,112000,112050,115010,115010,114980,114990
118050,118100,118020,118060,109930,110070,109930,110040,112060,112170,112060,112100,115000,115060,114990,115040
118050,118100,118000,118000,110050,110060,109990,110060,112110,112150,112060,112100,115060,115090,115050,115070
118020,118020,117960,117970,110040,110210,110030,110190,112100,112190,112090,112150,115070,115100,115060,115060
117980,118010,117960,118010,110200,110280,110130,110210,112140,112190,112070,112140,115070,115100,115060,115060
118020,118060,118010,118040,110220,110220,110180,110210,112140,112160,112100,112110,115060,115120,115060,115120
118040,118050,118000,118010,110210,110380,110190,110370,112110,112330,112110,112290,115110,115180,115080,115090
118020,118020,117970,117980,110370,110380,110290,110300,112290,112390,112290,112350,115080,115120,115070,115090
117980,117980,117900,117950,110290,110300,110240,110290,112340,112370,112290,112290,115090,115120,115080,115120
117940,117990,117930,117980,110270,110280,110220,110230,112290,112330,112190,112240,115120,115190,115120,115140
117980,118000,117980,118000,110210,110240,110160,110170,112240,112240,112170,112180,115150,115170,115090,115150
117990,118010,117920,117960,110180,110200,110130,110160,112180,112290,112160,112250,115150,115250,115120,115200
117960,117970,117940,117940,110160,110190,110130,110170,112240,112270,112220,112260,115200,115210,115160,115200
117930,117930,117900,117910,110170,110230,110100,110210,112260,112350,112260,112330,115200,115210,115170,115180
117920,117980,117910,117950,110230,110300,110190,110200,112330,112520,112320,112510,115190,115190,115150,115170
117950,117960,117950,117950,110200,110230,110160,110210,112510,112700,112510,112570,115170,115190,115170,115180
117950,117980,117940,117940,110210,110240,110130,110200,112570,112710,112570,112590,115200,115240,115200,115200
117940,117950,117940,117950,110190,110290,110190,110240,112580,112630,112530,112600,115210,115220,115170,115220
117960,117970,117960,117970,110230,110250,110130,110170,112590,112600,112520,112540,115230,115240,115200,115200
117970,117970,117960,117960,110150,110210,110140,110170,112530,112540,112440,112480,115200,115210,115180,115190
117980,117990,117970,117990,110150,110210,110120,110170,112480,112540,112470,112470,115200,115250,115200,115250
117980,118020,117980,118000,110170,110230,110140,110230,112470,112590,112470,112530,115250,115260,115200,115200
117980,117990,117940,117950,110230,110260,110160,110250,112540,112560,112480,112480,115210,115230,115190,115210
117950,117950,117930,117940,110260,110260,110180,110180,112480,112570,112480,112530,115210,115230,115180,115200
117930,117950,117930,117930,110170,110250,110150,110210,112530,112650,112510,112610,115200,115200,115150,115180
117930,117930,117910,117920,110200,110330,110200,110330,112610,112820,112600,112800,115180,115190,115170,115190
117920,117930,117910,117910,110310,110380,110300,110340,112800,112870,112670,112680,115190,115190,115040,115110
117910,117910,117860,117880,110350,110360,110310,110320,112670,112790,112640,112690,115110,115120,115030,115070
117890,117910,117880,117910,110330,110410,110290,110410,112690,112840,112680,112770,115070,115090,115060,115080
117910,117920,117890,117890,110400,110430,110360,110430,112770,112810,112720,112750,115090,115130,115080,115120
117890,117890,117870,117890,110420,110470,110410,110440,112760,112830,112760,112810,115110,115140,115110,115130
117880,117900,117850,117870,110440,110480,110390,110400,112820,112980,112810,112970,115140,115150,115080,115090
117890,117890,117860,117860,110400,110430,110370,110380,112970,113050,112900,112930,115110,115110,115050,115070
117890,117900,117850,117850,110390,110440,110360,110430,112920,113160,112920,113110,115070,115070,115050,115060
117840,117860,117840,117850,110400,110430,110370,110370,113120,113220,113030,113050,115060,115070,115040,115070
117850,117870,117850,117870,110380,110440,110380,110410,113030,113140,113020,113040,115060,115060,115040,115040
117870,117890,117870,117880,110400,110400,110300,110330,113040,113120,112980,112980,115050,115130,115040,115080
117900,117930,117890,117910,110330,110370,110320,110370,112980,113060,112970,112990,115080,115090,115060,115060
117900,117900,117870,117880,110360,110400,110340,110340,112990,113020,112870,112930,115060,115070,115040,115060
117900,117910,117890,117900,110330,110370,110290,110300,112930,113070,112930,112950,115070,115080,115060,115080
117900,117920,117860,117890,110300,110330,110280,110280,112960,113020,112960,112960,115080,115100,115080,115100
117900,117910,117900,117900,110280,110330,110250,110280,112960,112980,112900,112900,115110,115190,115090,115130
117900,117920,117890,117920,110260,110290,110230,110260,112910,112970,112900,112930,115130,115140,115110,115140
117930,117960,117920,117960,110250,110280,110180,110220,112950,113030,112930,113000,115130,115150,115080,115080
117950,117950,117900,117920,110200,110250,110190,110240,113020,113160,113000,113090,115090,115110,115080,115080
117930,117940,117920,117920,110210,110370,110210,110330,113090,113090,113040,113040,115100,115130,115100,115130
117930,117970,117920,117970,110320,110400,110320,110400,113050,113090,112940,112970,115120,115190,115110,115120
117970,117980,117910,117910,110390,110410,110360,110370,112970,113050,112970,113040,115110,115160,115110,115140
117910,117910,117880,117900,110360,110360,110280,110280,113040,113040,112970,112970,115140,115170,115140,115150
117910,117910,117880,117880,110270,110300,110180,110200,112970,112990,112930,112930,115160,115160,115120,115140
117880,117900,117850,117850,110210,110270,110190,110260,112920,112950,112860,112920,115150,115200,115150,115170
117850,117860,117800,117820,110260,110350,110230,110270,112930,113030,112890,113020,115170,115240,115140,115180
117810,117850,117800,117850,110280,110300,110200,110200,113030,113040,113000,113040,115190,115200,115130,115130
117850,117860,117830,117830,110200,110260,110140,110160,113030,113090,112970,113040,115140,115180,115140,115180
117830,117880,117820,117850,110160,110200,110010,110060,113050,113200,113030,113180,115190,115210,115170,115190
117870,117890,117850,117880,110060,110090,110000,110010,113180,113190,113130,113150,115200,115210,115190,115190
117870,117880,117810,117830,110010,110080,109970,110070,113140,113180,113120,113160,115200,115250,115190,115250
117820,117880,117820,117880,110060,110100,110000,110070,113170,113330,113160,113320,115250,115280,115230,115240
117880,117880,117850,117850,110060,110120,110060,110080,113320,113390,113260,113370,115230,115250,115210,115240
117850,117910,117850,117910,110090,110100,110030,110080,113370,113450,113330,113410,115230,115240,115200,115200
117900,117900,117880,117880,110080,110110,110060,110100,113420,113870,113420,113560,115210,115210,115180,115200
117880,117920,117880,117920,110090,110110,110000,110010,113560,113630,113440,113470,115210,115230,115200,115200
117910,117940,117890,117910,110020,110030,109940,110030,113460,113500,113420,113430,115210,115220,115190,115220
117920,117940,117880,117900,110040,110110,110000,110070,113430,113490,113420,113480,115210,115210,115200,115200
117880,117880,117850,117850,110070,110070,110010,110010,113490,113490,113390,113400,115200,115210,115180,115210
117850,117880,117840,117870,110030,110040,110000,110010,113400,113400,113240,113310,115200,115210,115180,115190
117850,117870,117840,117840,110020,110200,110000,110170,113310,113320,113200,113230,115190,115200,115170,115180
117850,117850,117820,117850,110180,110320,110160,110240,113220,113310,113180,113290,115180,115180,115160,115170
117840,117860,117820,117860,110250,110260,110180,110190,113300,113330,113220,113260,115170,115180,115160,115170
117840,117860,117840,117850,110220,110310,110210,110300,113260,113310,113230,113310,115180,115180,115150,115170
117850,117880,117850,117880,110300,110350,110250,110270,113310,113310,113240,113260,115170,115200,115160,115200
117870,117880,117840,117840,110270,110280,110210,110220,113240,113300,113230,113280,115210,115220,115190,115190
117850,117870,117840,117850,110220,110300,110220,110240,113280,113290,113100,113110,115190,115190,115180,115180
117850,117870,117840,117870,110240,110290,110200,110260,113130,113180,113110,113110,115170,115170,115150,115160
117840,117850,117840,117840,110250,110260,110170,110180,113100,113180,113100,113160,115160,115210,115160,115210
117850,117850,117830,117830,110180,110270,110150,110270,113140,113200,113140,113160,115200,115200,115170,115170
117830,117850,117820,117840,110270,110280,110190,110200,113170,113280,113150,113270,115180,115180,115150,115150
117840,117850,117830,117850,110230,110270,110230,110270,113270,113370,113270,113320,115150,115170,115130,115150
117850,117860,117830,117850,110280,110310,110230,110290,113330,113350,113270,113270,115170,115180,115150,115170
117850,117870,117840,117870,110290,110400,110290,110360,113260,113290,113180,113190,115160,115170,115080,115110
117880,117880,117850,117870,110370,110380,110320,110350,113190,113220,113130,113150,115120,115120,115040,115050
117860,117860,117850,117850,110360,110370,110300,110330,113140,113220,113140,113170,115040,115040,115020,115040
117850,117870,117850,117850,110320,110380,110300,110310,113160,113210,113150,113210,115040,115050,115020,115050
117840,117860,117840,117860,110330,110360,110300,110340,113210,113280,113200,113230,115050,115070,115040,115060
117870,117870,117860,117870,110340,110370,110310,110350,113240,113250,113170,113170,115070,115080,115060,115080
117860,117870,117860,117870,110360,110390,110350,110370,113160,113260,113160,113240,115070,115080,115050,115070
117870,117890,117850,117860,110370,110410,110360,110390,113240,113280,113210,113250,115060,115080,115060,115060
117870,117910,117870,117900,110380,110380,110340,110360,113220,113240,113190,113200,115070,115070,115050,115050
117890,117910,117830,117850,110370,110400,110330,110330,113210,113250,113200,113250,115050,115050,115020,115050
117840,117860,117830,117850,110340,110390,110320,110370,113260,113290,113250,113260,115050,115050,115030,115050
117860,117870,117850,117850,110360,110400,110340,110390,113260,113280,113230,113230,115050,115060,115020,115050
117840,117860,117820,117820,110390,110400,110350,110360,113230,113260,113230,113250,115060,115070,115030,115050
117830,117830,117800,117800,110350,110360,110310,110340,113240,113330,113230,113300,115060,115060,114990,115010
117810,117840,117800,117830,110360,110380,110330,110370,113310,113320,113200,113230,115020,115020,114950,115010
117840,117860,117830,117830,110370,110390,110340,110340,113220,113250,113210,113220,115010,115050,115010,115040
117850,117870,117840,117850,110350,110380,110350,110380,113230,113250,113230,113230,115040,115060,115020,115020
117860,117860,117850,117850,110380,110560,110370,110540,113220,113220,113190,113210,115020,115100,115010,115100
117860,117860,117820,117840,110540,110560,110480,110530,113210,113230,113200,113220,115100,115100,115060,115100
117860,117860,117830,117850,110530,110540,110480,110490,113230,113280,113210,113270,115090,115120,115080,115120
117850,117850,117840,117840,110510,110530,110480,110490,113260,113300,113210,113300,115110,115120,115100,115100
117830,117850,117830,117850,110490,110500,110450,110490,113300,113320,113260,113290,115100,115130,115090,115120
117830,117850,117830,117850,110500,110510,110440,110470,113300,113380,113300,113350,115120,115120,115030,115050
117850,117870,117840,117840,110480,110490,110460,110490,113360,113360,113300,113300,115050,115070,115040,115070
117840,117840,117830,117830,110500,110540,110490,110540,113320,113320,113260,113270,115070,115070,115010,115060
117830,117830,117810,117820,110540,110540,110480,110510,113280,113290,113230,113270,115050,115060,115020,115020
117810,117810,117810,117810,110530,110560,110500,110510,113260,113280,113230,113230,115020,115050,115000,115040
117800,117830,117780,117790,110520,110550,110490,110500,113240,113250,113200,113210,115040,115090,115030,115070
117790,117810,117780,117790,110510,110530,110470,110490,113210,113240,113190,113200,115070,115080,115030,115030
117790,117830,117790,117810,110490,110490,110430,110470,113200,113250,113190,113250,115040,115050,115020,115030
117810,117820,117800,117800,110470,110490,110450,110480,113250,113290,113240,113260,115040,115040,114970,115010
117800,117810,117790,117790,110470,110530,110470,110510,113270,113270,113210,113230,115020,115020,114960,114990
117780,117780,117710,117770,110510,110520,110490,110490,113220,113270,113210,113220,114990,115030,114970,115000
117770,117770,117760,117770,110500,110520,110480,110500,113210,113210,113130,113160,115000,115030,115000,115000
117770,117790,117760,117790,110500,110570,110480,110570,113160,113210,113160,113180,115010,115010,114950,114950
117790,117790,117790,117790,110570,110740,110570,110670,113180,113190,113170,113190,114960,114990,114890,114930
117780,117800,117750,117770,110650,110720,110640,110710,113180,113210,113160,113170,114930,114960,114910,114960
117760,117770,117750,117750,110700,110800,110700,110770,113180,113240,113160,113220,114970,115010,114950,114990
117750,117770,117750,117760,110780,110790,110750,110760,113220,113240,113190,113190,115000,115040,114990,115010
117760,117760,117730,117730,110760,110800,110750,110780,113190,113200,113170,113180,115010,115040,115010,115020
117730,117730,117720,117730,110790,110800,110760,110800,113180,113220,113080,113110,115030,115040,114980,114980
117740,117750,117730,117750,110780,110790,110700,110750,113120,113200,113110,113200,114990,114990,114990,114990
117740,117750,117730,117750,110750,110820,110730,110800,113180,113190,113060,113070,114990,115020,114980,115020
117740,117760,117730,117740,110800,110800,110710,110730,113060,113140,113060,113090,115020,115050,115010,115020
117760,117760,117690,117720,110730,110740,110550,110560,113080,113160,113070,113130,115020,115060,115010,115060
117720,117730,117720,117720,110580,110620,110570,110610,113120,113160,113100,113130,115060,115080,115050,115060
117720,117730,117670,117700,110610,110650,110610,110630,113120,113170,113120,113160,115060,115060,115030,115030
117690,117730,117670,117710,110620,110630,110540,110580,113170,113170,113100,113100,115030,115040,115000,115030
117720,117720,117690,117710,110580,110590,110540,110580,113100,113110,113030,113050,115040,115040,115000,115000
117710,117730,117700,117730,110590,110610,110550,110560,113060,113080,113030,113050,115010,115020,115000,115010
117720,117780,117720,117780,110560,110630,110560,110590,113040,113100,113040,113050,115020,115030,114980,115010
117780,117780,117750,117760,110600,110600,110540,110580,113060,113130,113020,113100,115020,115040,115010,115020
117740,117750,117720,117730,110570,110630,110560,110600,113100,113110,113050,113070,115030,115120,115010,115100
117720,117750,117710,117720,110610,110720,110610,110680,113080,113090,113050,113070,115100,115140,115090,115090
117710,117720,117700,117720,110680,110740,110680,110720,113070,113070,112960,112960,115090,115130,115080,115130
117720,117760,117710,117710,110720,110770,110720,110740,112960,112990,112880,112910,115130,115160,115110,115160
117720,117730,117640,117660,110740,110800,110740,110790,112920,112930,112820,112880,115150,115170,115150,115150
117660,117670,117500,117550,110780,110810,110700,110700,112880,112890,112750,112770,115160,115250,115150,115200
117540,117560,117510,117520,110700,110720,110670,110690,112750,112900,112740,112900,115200,115230,115200,115210
117530,117540,117430,117450,110680,110710,110640,110680,112900,112900,112830,112840,115220,115250,115220,115240
117460,117510,117430,117500,110700,110720,110660,110720,112860,112860,112790,112810,115240,115290,115230,115270
117500,117530,117470,117500,110720,110800,110720,110800,112820,112920,112800,112910,115280,115280,115240,115250
117490,117490,117440,117440,110790,110790,110730,110760,112910,113020,112900,113020,115260,115320,115250,115320
117450,117460,117430,117460,110760,110790,110750,110770,113020,113030,112980,112990,115320,115330,115290,115300
117460,117500,117430,117500,110780,110790,110740,110750,113000,113100,112980,113050,115300,115310,115270,115280
117490,117500,117470,117480,110740,110770,110700,110740,113040,113060,112960,112970,115300,115320,115290,115300
117470,117500,117460,117460,110770,110770,110710,110720,112980,112990,112920,112960,115300,115350,115300,115340
117470,117490,117460,117480,110730,110780,110720,110750,112980,113000,112950,113000,115340,115350,115310,115310
117470,117480,117460,117470,110760,110770,110720,110730,113000,113040,112960,112970,115300,115310,115280,115290
117470,117540,117470,117520,110720,110780,110720,110750,112980,113010,112980,113000,115290,115310,115280,115290
117520,117530,117500,117500,110760,110770,110720,110740,113000,113040,112980,113020,115300,115300,115280,115300
117520,117560,117510,117540,110740,110780,110730,110780,113010,113010,112970,112970,115310,115310,115270,115290
117530,117570,117510,117570,110780,110780,110660,110690,112990,113000,112930,112990,115290,115310,115260,115300
117570,117570,117560,117570,110710,110730,110690,110690,112990,113000,112950,112960,115290,115290,115260,115270
117580,117630,117580,117620,110700,110710,110660,110670,112960,112990,112920,112950,115260,115290,115260,115270
117610,117630,117590,117590,110690,110690,110670,110680,112950,112990,112940,112960,115280,115290,115260,115290
117580,117640,117580,117640,110680,110680,110620,110620,112950,112960,112930,112940,115300,115300,115290,115290
117630,117670,117590,117590,110630,110710,110610,110710,112940,112960,112900,112900,115300,115360,115300,115300
117590,117610,117580,117580,110700,110740,110690,110720,112900,112950,112890,112940,115280,115290,115270,115280
117610,117620,117590,117590,110720,110740,110710,110710,112940,112980,112940,112950,115270,115270,115260,115270
117600,117620,117570,117590,110720,110740,110710,110720,112960,112960,112890,112890,115260,115270,115250,115250
117590,117610,117590,117590,110710,110740,110710,110740,112890,112900,112850,112860,115250,115260,115240,115240
117600,117700,117600,117690,110740,110740,110680,110690,112860,112870,112820,112830,115250,115270,115230,115250
117690,117700,117650,117650,110700,110720,110670,110700,112830,112840,112800,112800,115260,115270,115260,115260
117660,117680,117620,117640,110710,110720,110700,110720,112800,112800,112750,112770,115250,115260,115230,115250
117650,117690,117630,117690,110710,110860,110710,110820,112770,112770,112690,112700,115240,115260,115220,115240
117690,117790,117690,117770,110830,111010,110800,110970,112700,112720,112670,112680,115240,115240,115220,115240
117770,117800,117730,117770,110960,110980,110830,110840,112690,112700,112600,112600,115240,115260,115220,115240
117760,117790,117760,117760,110840,110840,110810,110810,112600,112620,112500,112510,115250,115250,115210,115230
117760,117780,117760,117770,110830,110840,110780,110780,112520,112600,112520,112570,115230,115230,115160,115180
117770,117770,117730,117760,110790,110810,110770,110810,112560,112580,112500,112500,115170,115190,115160,115160
117760,117770,117760,117760,110800,110830,110790,110820,112520,112630,112490,112580,115160,115200,115160,115200
117770,117770,117730,117740,110810,110850,110770,110790,112570,112610,112570,112570,115180,115260,115160,115250
117740,117750,117740,117750,110790,110800,110760,110780,112590,112620,112580,112610,115260,115280,115250,115260
117760,117760,117740,117760,110790,110840,110760,110770,112600,112610,112520,112520,115260,115260,115210,115220
117750,117760,117740,117760,110770,110780,110750,110770,112520,112580,112520,112550,115210,115210,115210,115210
117760,117780,117760,117780,110780,110780,110720,110720,112540,112560,112520,112530,115240,115250,115220,115240
117780,117790,117750,117790,110720,110750,110720,110740,112530,112540,112490,112510,115240,115280,115240,115270
117770,117770,117750,117770,110740,110750,110730,110750,112520,112550,112510,112530,115270,115290,115260,115270
117760,117760,117750,117750,110750,110750,110740,110750,112520,112540,112510,112530,115270,115280,115260,115270
117750,117750,117740,117750,110740,110760,110730,110750,112520,112540,112500,112540,115260,115260,115210,115220
117750,117760,117750,117750,110750,110780,110750,110770,112540,112590,112520,112580,115220,115230,115200,115230
117750,117780,117750,117770,110780,110800,110770,110790,112560,112560,112510,112510,115230,115270,115200,115250
117770,117840,117770,117820,110790,110790,110770,110770,112500,112540,112500,112530,115250,115250,115210,115220
117820,117830,117800,117830,110790,110850,110790,110850,112520,112550,112510,112540,115200,115220,115200,115210
117840,117850,117830,117830,110850,110880,110830,110840,112540,112560,112530,112560,115200,115200,115180,115190
117820,117830,117820,117820,110840,110890,110840,110860,112560,112560,112520,112540,115200,115200,115170,115180
117810,117810,117790,117790,110860,110860,110820,110820,112530,112570,112520,112530,115190,115210,115170,115200
117790,117810,117790,117800,110810,110820,110810,110810,112530,112540,112500,112510,115190,115200,115170,115170
117820,117820,117780,117780,110810,110850,110800,110840,112520,112560,112500,112540,115180,115190,115160,115180
117780,117780,117760,117760,110820,110840,110800,110820,112540,112590,112540,112590,115180,115210,115180,115200
117760,117790,117760,117790,110830,110850,110780,110800,112590,112590,112560,112560,115200,115210,115130,115160
117770,117790,117770,117790,110800,110860,110800,110820,112570,112590,112570,112590,115150,115200,115130,115190
117790,117800,117770,117770,110820,110830,110820,110830,112580,112590,112550,112580,115200,115200,115160,115180
117770,117780,117770,117780,110830,110830,110820,110820,112560,112570,112540,112560,115170,115180,115170,115180
117770,117790,117770,117780,110820,110830,110820,110830,112540,112590,112540,112590,115190,115210,115170,115210
117800,117900,117800,117890,110830,110840,110830,110830,112580,112580,112560,112570,115200,115210,115170,115200
117880,117880,117820,117820,110820,110840,110790,110810,112560,112570,112490,112490,115210,115210,115180,115200
117820,117830,117810,117830,110810,110920,110800,110900,112490,112510,112450,112460,115180,115210,115160,115190
117830,117850,117720,117720,110920,110940,110900,110930,112470,112470,112410,112420,115200,115250,115190,115210
117740,117740,117720,117730,110930,110940,110900,110940,112430,112450,112400,112440,115210,115260,115200,115240
117740,117740,117720,117730,110930,111140,110930,111100,112460,112580,112460,112570,115250,115280,115230,115260
117720,117720,117650,117700,111110,111180,111060,111070,112580,112630,112570,112620,115250,115320,115250,115300
117700,117730,117700,117730,111080,111080,111060,111080,112630,112630,112480,112510,115310,115310,115250,115290
117730,117740,117710,117720,111080,111100,111070,111080,112510,112540,112480,112530,115280,115280,115240,115240
117720,117730,117700,117720,111080,111100,111080,111090,112520,112540,112520,112530,115240,115250,115200,115220
117710,117740,117710,117740,111090,111120,111090,111100,112530,112570,112530,112560,115210,115210,115180,115190
117740,117740,117670,117680,111100,111110,111080,111100,112570,112580,112520,112580,115210,115240,115200,115220
117680,117700,117650,117650,111100,111100,111080,111090,112590,112650,112580,112620,115220,115240,115210,115220
117650,117670,117610,117630,111090,111090,110970,110970,112640,112750,112640,112720,115230,115240,115210,115220
117620,117640,117600,117620,110980,111010,110970,110980,112720,112730,112680,112690,115210,115250,115200,115250
117620,117630,117600,117610,110970,111000,110970,111000,112700,112730,112690,112710,115240,115270,115230,115230
117610,117620,117590,117620,111000,111000,110950,110990,112720,112720,112670,112680,115240,115250,115200,115240
117620,117630,117610,117620,110980,111000,110980,111000,112680,112690,112630,112680,115250,115280,115250,115260
117610,117620,117580,117600,111000,111020,110990,110990,112680,112680,112540,112620,115270,115270,115220,115220
117610,117690,117560,117670,111000,111030,110960,110970,112620,112700,112550,112680,115220,115260,115190,115220
117690,117730,117580,117680,110960,111000,110920,111000,112680,112720,112660,112690,115200,115290,115160,115200
